<?xml version="1.0"?>
<config xmlns:xsi="http://www.w3.org/2001/XMLSchema-instance" xsi:noNamespaceSchemaLocation="urn:magento:framework:Acl/etc/acl.xsd">
    <acl>
        <resources>
            <resource id="Magento_Backend::admin">
                <resource id="Magento_Backend::stores">
                    <resource id="Magento_Backend::stores_settings">
                        <resource id="Magento_Config::config">
                            <resource id="TemplateMonster_ThemeOptions::theme_options_config" title="Theme Options Section" sortOrder="100">
                               <resource id="TemplateMonster_ThemeOptions::theme_options_export" title="Theme Options Export" sortOrder="100"/>
                               <resource id="TemplateMonster_ThemeOptions::theme_options_import" title="Theme Options Import" sortOrder="200"/>
                            </resource>
                        </resource>
                    </resource>
                </resource>
            </resource>
        </resources>
    </acl>
</config>