<?xml version="1.0"?>
<config xmlns:xsi="http://www.w3.org/2001/XMLSchema-instance" xsi:noNamespaceSchemaLocation="urn:magento:framework:Acl/etc/acl.xsd">
    <acl>
        <resources>
            <resource id="Magento_Backend::admin">
                <resource id="Magento_Backend::stores">
                    <resource id="Magento_Backend::stores_settings">
                        <resource id="Magento_Config::config">
                            <resource id="TemplateMonster_NewsletterPopup::newsletter_popup_config" title="Newsletter Pop-Up Section" sortOrder="100">
                                <resource id="TemplateMonster_NewsletterPopup::newsletter_popup_reset" title="Newsletter Pop-Up Reset" sortOrder="100"/>
                            </resource>
                        </resource>
                    </resource>
                </resource>
            </resource>
        </resources>
    </acl>
</config>