<?xml version="1.0"?>
<!--
/**
 * Copyright © 2016 Magento. All rights reserved.
 * See COPYING.txt for license details.
 */
-->
<config xmlns:xsi="http://www.w3.org/2001/XMLSchema-instance" xsi:noNamespaceSchemaLocation="urn:magento:framework:ObjectManager/etc/config.xsd">
    <type name="TemplateMonster\CatalogImagesGrid\Controller\Adminhtml\Image\Upload">
        <arguments>
            <argument name="imageUploader" xsi:type="object">Magento\Catalog\CategoryImageUpload</argument>
        </arguments>
    </type>
    <type name="Magento\Catalog\Model\Category\DataProvider">
        <plugin name="catalog_grid_image_dataprovider"
                type="TemplateMonster\CatalogImagesGrid\Plugin\Catalog\Model\Category\DataProvider" sortOrder="100" />
    </type>
</config>